{
    "F1": 0.4260355029585799,
    "ROC AUC": 0.6902173913043478,
    "Precision": 0.3130434782608696,
    "Recall": 0.6666666666666666,
    "Accuracy": 0.706060606060606
}