{
    "F1": 0.4705882352941177,
    "ROC AUC": 0.7192028985507246,
    "Precision": 0.36363636363636365,
    "Recall": 0.6666666666666666,
    "Accuracy": 0.7545454545454545
}