{
    "F1": 0.47368421052631576,
    "ROC AUC": 0.7210144927536232,
    "Precision": 0.3673469387755102,
    "Recall": 0.6666666666666666,
    "Accuracy": 0.7575757575757576
}