{
    "F1": 0.4844720496894409,
    "ROC AUC": 0.7379227053140098,
    "Precision": 0.3644859813084112,
    "Recall": 0.7222222222222222,
    "Accuracy": 0.7484848484848485
}